experiment,n,metric,value
tree,1000,bst_height,1000
tree,1000,avl_height,10
tree,1000,bst_avg_cmp,500.5
tree,1000,avl_avg_cmp,8.99
tree,2000,bst_height,2000
tree,2000,avl_height,11
tree,2000,bst_avg_cmp,1000.5
tree,2000,avl_avg_cmp,9.98
tree,4000,bst_height,4000
tree,4000,avl_height,12
tree,4000,bst_avg_cmp,2000.5
tree,4000,avl_avg_cmp,10.98
tree,8000,bst_height,8000
tree,8000,avl_height,13
tree,8000,bst_avg_cmp,4000.5
tree,8000,avl_avg_cmp,11.98
conflict,1000,edges,136
conflict,1000,naive_checks,499500
conflict,1000,sweep_checks,1135
conflict,1000,naive_ms,46.04
conflict,1000,sweep_ms,0.73
conflict,2000,edges,486
conflict,2000,naive_checks,1999000
conflict,2000,sweep_checks,2485
conflict,2000,naive_ms,192.73
conflict,2000,sweep_ms,1.63
conflict,4000,edges,1963
conflict,4000,naive_checks,7998000
conflict,4000,sweep_checks,5962
conflict,4000,naive_ms,760.8
conflict,4000,sweep_ms,4.05
conflict,8000,edges,7934
conflict,8000,naive_checks,31996000
conflict,8000,sweep_checks,15933
conflict,8000,naive_ms,3315.68
conflict,8000,sweep_ms,11.29
alloc_h300,1000,greedy_weight,4908.9
alloc_h300,1000,dp_weight,4916.5
alloc_h300,1000,dp_gain_pct,0.15
alloc_h300,2000,greedy_weight,8899.5
alloc_h300,2000,dp_weight,8948.8
alloc_h300,2000,dp_gain_pct,0.55
alloc_h300,4000,greedy_weight,15062.4
alloc_h300,4000,dp_weight,15298.5
alloc_h300,4000,dp_gain_pct,1.57
alloc_h100,4000,greedy_weight,9582.5
alloc_h100,4000,dp_weight,10225.5
alloc_h100,4000,dp_gain_pct,6.71
alloc_h100,8000,greedy_weight,12618.9
alloc_h100,8000,dp_weight,14511.2
alloc_h100,8000,dp_gain_pct,15.0
colour,8,plain_nodes,1345
colour,8,bnb_nodes,21
colour,8,wp_not_optimal,0
colour,10,plain_nodes,31608
colour,10,bnb_nodes,28
colour,10,wp_not_optimal,0
colour,12,plain_nodes,1035812
colour,12,bnb_nodes,37
colour,12,wp_not_optimal,0
colour_large,20,wp_not_optimal,0
colour_large,20,bnb_nodes,84
colour_large,30,wp_not_optimal,0
colour_large,30,bnb_nodes,259
colour_large,40,wp_not_optimal,0
colour_large,40,bnb_nodes,408
